<assembly xmlns:xsi="http://www.w3.org/2001/XMLSchema-instance" xmlns="http://maven.apache.org/POM/4.0.0"
          xsi:schemaLocation="http://maven.apache.org/POM/4.0.0 http://maven.apache.org/xsd/assembly-1.0.0.xsd">
  <!--
   Licensed under the Apache License, Version 2.0 (the "License");
   you may not use this file except in compliance with the License.
   You may obtain a copy of the License at

     http://www.apache.org/licenses/LICENSE-2.0

   Unless required by applicable law or agreed to in writing, software
   distributed under the License is distributed on an "AS IS" BASIS,
   WITHOUT WARRANTIES OR CONDITIONS OF ANY KIND, either express or implied.
   See the License for the specific language governing permissions and
   limitations under the License. See accompanying LICENSE file.
 -->
  <id>package</id>
  <formats>
    <format>zip</format>
    <format>tar</format>
    <format>tar.gz</format>
  </formats>
  <fileSets>
    <fileSet>
      <directory>bin</directory>
      <outputDirectory>bin</outputDirectory>
    </fileSet>
    <fileSet>
      <directory>conf</directory>
      <outputDirectory>conf</outputDirectory>
    </fileSet>
    <fileSet>
      <directory>target/lib</directory>
      <outputDirectory>lib</outputDirectory>
    </fileSet>
    <fileSet>
      <outputDirectory>/</outputDirectory>
      <includes>
        <include>log4j.properties</include>
        <include>README.txt</include>
        <include>LICENSE</include>
        <include>NOTICE</include>
      </includes>
    </fileSet>
    <fileSet>
      <directory>licenses</directory>
      <outputDirectory>licenses</outputDirectory>
    </fileSet>
  </fileSets>
</assembly>